timestamp_ms,type,profile,phase,antenna,location,condition,run_id,rssi_dbm,ping_ok,ping_latency_ms,ping_seq,throughput_bps,plr_window,vin_mv,temp_c,link_state,boot_count,uptime_ms,marker,block,notes
253506,E,B,F1,A51,MESA,DES,WALK_A51_MESA_DES_R02,0,0,0.00,0,0,0.0000,0,0.0,0,31,253506,,0,START_RUN,crc16=7708
253535,S,B,F1,A51,MESA,DES,WALK_A51_MESA_DES_R02,-52,1,1.73,0,0,0.0000,1562,35.6,1,31,253535,,0,,crc16=36B9
254035,S,B,F1,A51,MESA,DES,WALK_A51_MESA_DES_R02,-53,1,2.95,1,0,0.0000,1562,35.6,1,31,254035,,0,,crc16=1C9E
254535,S,B,F1,A51,MESA,DES,WALK_A51_MESA_DES_R02,-52,1,2.86,2,0,0.0000,1562,35.6,1,31,254535,,0,,crc16=4F25
255035,S,B,F1,A51,MESA,DES,WALK_A51_MESA_DES_R02,-53,1,2.94,3,0,0.0000,1562,35.6,1,31,255035,,0,,crc16=6AA5
255534,S,B,F1,A51,MESA,DES,WALK_A51_MESA_DES_R02,-53,1,2.03,4,0,0.0000,1562,36.7,1,31,255534,,0,,crc16=2C4E
256035,S,B,F1,A51,MESA,DES,WALK_A51_MESA_DES_R02,-53,1,3.05,5,0,0.0000,1562,36.7,1,31,256035,,0,,crc16=F026
256535,S,B,F1,A51,MESA,DES,WALK_A51_MESA_DES_R02,-50,1,2.94,6,0,0.0000,1562,35.6,1,31,256535,,0,,crc16=3D9E
257035,S,B,F1,A51,MESA,DES,WALK_A51_MESA_DES_R02,-59,1,2.97,7,0,0.0000,1562,35.6,1,31,257035,,0,,crc16=1BF1
257535,S,B,F1,A51,MESA,DES,WALK_A51_MESA_DES_R02,-50,1,2.87,8,0,0.0000,1562,35.6,1,31,257535,,0,,crc16=4B35
258035,S,B,F1,A51,MESA,DES,WALK_A51_MESA_DES_R02,-59,1,2.91,9,0,0.0000,1562,35.6,1,31,258035,,0,,crc16=CC3C
258534,S,B,F1,A51,MESA,DES,WALK_A51_MESA_DES_R02,-59,1,1.92,10,0,0.0000,1562,36.1,1,31,258534,,0,,crc16=BB87
259035,S,B,F1,A51,MESA,DES,WALK_A51_MESA_DES_R02,-51,1,2.52,11,0,0.0000,1562,36.1,1,31,259035,,0,,crc16=42FF
259534,S,B,F1,A51,MESA,DES,WALK_A51_MESA_DES_R02,-59,1,2.93,12,0,0.0000,1562,35.6,1,31,259534,,0,,crc16=C3E9
260036,S,B,F1,A51,MESA,DES,WALK_A51_MESA_DES_R02,-51,1,4.85,13,0,0.0000,1562,35.6,1,31,260036,,0,,crc16=C97D
260534,S,B,F1,A51,MESA,DES,WALK_A51_MESA_DES_R02,-51,1,2.52,14,0,0.0000,1562,35.6,1,31,260534,,0,,crc16=EA95
261091,S,B,F1,A51,MESA,DES,WALK_A51_MESA_DES_R02,-59,1,2.44,15,0,0.0000,1562,35.6,1,31,261091,,0,,crc16=6060
261589,S,B,F1,A51,MESA,DES,WALK_A51_MESA_DES_R02,-60,1,1.67,16,0,0.0000,1562,36.7,1,31,261589,,0,,crc16=4FA8
262089,S,B,F1,A51,MESA,DES,WALK_A51_MESA_DES_R02,-51,1,2.87,17,0,0.0000,1562,36.7,1,31,262089,,0,,crc16=A80A
262589,S,B,F1,A51,MESA,DES,WALK_A51_MESA_DES_R02,-59,1,2.95,18,0,0.0000,1562,36.1,1,31,262589,,0,,crc16=3BE5
263089,S,B,F1,A51,MESA,DES,WALK_A51_MESA_DES_R02,-51,1,3.14,19,0,0.0000,1562,36.1,1,31,263089,,0,,crc16=761B
263588,S,B,F1,A51,MESA,DES,WALK_A51_MESA_DES_R02,-51,1,2.94,20,0,0.0000,1562,36.1,1,31,263588,,0,,crc16=8E13
264088,S,B,F1,A51,MESA,DES,WALK_A51_MESA_DES_R02,-57,1,2.93,21,0,0.0000,1562,36.1,1,31,264088,,0,,crc16=E3B4
264587,S,B,F1,A51,MESA,DES,WALK_A51_MESA_DES_R02,-57,1,1.58,22,0,0.0000,1562,36.1,1,31,264587,,0,,crc16=03E7
265087,S,B,F1,A51,MESA,DES,WALK_A51_MESA_DES_R02,-59,1,2.93,23,0,0.0000,1562,36.1,1,31,265087,,0,,crc16=F33D
265587,S,B,F1,A51,MESA,DES,WALK_A51_MESA_DES_R02,-50,1,2.93,24,0,0.0000,1562,36.1,1,31,265587,,0,,crc16=53BE
266087,S,B,F1,A51,MESA,DES,WALK_A51_MESA_DES_R02,-58,1,2.96,25,0,0.0000,1562,36.1,1,31,266087,,0,,crc16=E884
266587,S,B,F1,A51,MESA,DES,WALK_A51_MESA_DES_R02,-52,1,2.91,26,0,0.0000,1562,35.6,1,31,266587,,0,,crc16=F5D1
267087,S,B,F1,A51,MESA,DES,WALK_A51_MESA_DES_R02,-53,1,2.95,27,0,0.0000,1562,35.6,1,31,267087,,0,,crc16=78AD
267590,S,B,F1,A51,MESA,DES,WALK_A51_MESA_DES_R02,-52,1,2.96,28,0,0.0000,1562,36.1,1,31,267590,,0,,crc16=CDFC
268087,S,B,F1,A51,MESA,DES,WALK_A51_MESA_DES_R02,-52,1,2.99,29,0,0.0000,1562,36.1,1,31,268087,,0,,crc16=E93B
268586,S,B,F1,A51,MESA,DES,WALK_A51_MESA_DES_R02,-53,1,2.90,30,0,0.0000,1562,36.1,1,31,268586,,0,,crc16=81B2
269086,S,B,F1,A51,MESA,DES,WALK_A51_MESA_DES_R02,-51,1,2.90,31,0,0.0000,1562,36.1,1,31,269086,,0,,crc16=7F4C
269586,S,B,F1,A51,MESA,DES,WALK_A51_MESA_DES_R02,-53,1,2.86,32,0,0.0000,1562,36.1,1,31,269586,,0,,crc16=BDD4
270086,S,B,F1,A51,MESA,DES,WALK_A51_MESA_DES_R02,-52,1,2.87,33,0,0.0000,1562,36.1,1,31,270086,,0,,crc16=871A
270588,S,B,F1,A51,MESA,DES,WALK_A51_MESA_DES_R02,-52,1,4.85,34,0,0.0000,1562,36.1,1,31,270588,,0,,crc16=2606
271088,S,B,F1,A51,MESA,DES,WALK_A51_MESA_DES_R02,-52,1,5.25,35,0,0.0000,1562,36.1,1,31,271088,,0,,crc16=9756
271584,S,B,F1,A51,MESA,DES,WALK_A51_MESA_DES_R02,-51,1,2.96,36,0,0.0000,1562,35.6,1,31,271584,,0,,crc16=A628
272085,S,B,F1,A51,MESA,DES,WALK_A51_MESA_DES_R02,-54,1,3.23,37,0,0.0000,1562,35.6,1,31,272085,,0,,crc16=44A1
272583,S,B,F1,A51,MESA,DES,WALK_A51_MESA_DES_R02,-53,1,2.90,38,0,0.0000,1562,36.1,1,31,272583,,0,,crc16=CF29
273083,S,B,F1,A51,MESA,DES,WALK_A51_MESA_DES_R02,-53,1,2.90,39,0,0.0000,1562,36.1,1,31,273083,,0,,crc16=7004
273585,S,B,F1,A51,MESA,DES,WALK_A51_MESA_DES_R02,-53,1,4.71,40,0,0.0000,1562,36.1,1,31,273585,,0,,crc16=D2E3
274083,S,B,F1,A51,MESA,DES,WALK_A51_MESA_DES_R02,-53,1,2.96,41,0,0.0000,1562,36.1,1,31,274083,,0,,crc16=A677
274583,S,B,F1,A51,MESA,DES,WALK_A51_MESA_DES_R02,-52,1,2.86,42,0,0.0000,1562,35.6,1,31,274583,,0,,crc16=5A97
275083,S,B,F1,A51,MESA,DES,WALK_A51_MESA_DES_R02,-55,1,2.88,43,0,0.0000,1562,35.6,1,31,275083,,0,,crc16=7DBB
275583,S,B,F1,A51,MESA,DES,WALK_A51_MESA_DES_R02,-52,1,2.95,44,0,0.0000,1562,36.1,1,31,275583,,0,,crc16=7F59
276083,S,B,F1,A51,MESA,DES,WALK_A51_MESA_DES_R02,-54,1,2.85,45,0,0.0000,1562,36.1,1,31,276083,,0,,crc16=43DD
276585,S,B,F1,A51,MESA,DES,WALK_A51_MESA_DES_R02,-51,1,4.84,46,0,0.0000,1562,36.1,1,31,276585,,0,,crc16=6D20
277083,S,B,F1,A51,MESA,DES,WALK_A51_MESA_DES_R02,-52,1,2.87,47,0,0.0000,1562,36.1,1,31,277083,,0,,crc16=C9C2
277583,S,B,F1,A51,MESA,DES,WALK_A51_MESA_DES_R02,-53,1,2.98,48,0,0.0000,1562,35.6,1,31,277583,,0,,crc16=1E28
278083,S,B,F1,A51,MESA,DES,WALK_A51_MESA_DES_R02,-52,1,2.60,49,0,0.0000,1562,35.6,1,31,278083,,0,,crc16=FC7F
278583,S,B,F1,A51,MESA,DES,WALK_A51_MESA_DES_R02,-51,1,2.92,50,0,0.0000,1562,36.1,1,31,278583,,0,,crc16=B2A5
279083,S,B,F1,A51,MESA,DES,WALK_A51_MESA_DES_R02,-53,1,2.89,51,0,0.0000,1562,36.1,1,31,279083,,0,,crc16=EC70
279591,S,B,F1,A51,MESA,DES,WALK_A51_MESA_DES_R02,-51,1,10.20,52,0,0.0000,1562,36.1,1,31,279591,,0,,crc16=3D4E
280118,S,B,F1,A51,MESA,DES,WALK_A51_MESA_DES_R02,-52,1,2.54,53,0,0.0000,1562,36.1,1,31,280118,,0,,crc16=DC23
280618,S,B,F1,A51,MESA,DES,WALK_A51_MESA_DES_R02,-51,1,2.89,54,0,0.0000,1562,36.1,1,31,280618,,0,,crc16=ADDD
281122,S,B,F1,A51,MESA,DES,WALK_A51_MESA_DES_R02,-53,1,6.99,55,0,0.0000,1562,36.1,1,31,281122,,0,,crc16=220B
281618,S,B,F1,A51,MESA,DES,WALK_A51_MESA_DES_R02,-52,1,2.89,56,0,0.0000,1562,35.6,1,31,281618,,0,,crc16=4167
282118,S,B,F1,A51,MESA,DES,WALK_A51_MESA_DES_R02,-52,1,2.90,57,0,0.0000,1562,35.6,1,31,282118,,0,,crc16=C36D
282620,S,B,F1,A51,MESA,DES,WALK_A51_MESA_DES_R02,-53,1,4.19,58,0,0.0000,1562,36.7,1,31,282620,,0,,crc16=52CE
283117,S,B,F1,A51,MESA,DES,WALK_A51_MESA_DES_R02,-52,1,2.80,59,0,0.0000,1562,36.7,1,31,283117,,0,,crc16=7597
283617,S,B,F1,A51,MESA,DES,WALK_A51_MESA_DES_R02,-53,1,2.96,60,0,0.0000,1562,36.1,1,31,283617,,0,,crc16=471E
284117,S,B,F1,A51,MESA,DES,WALK_A51_MESA_DES_R02,-52,1,2.93,61,0,0.0000,1562,36.1,1,31,284117,,0,,crc16=7241
284617,S,B,F1,A51,MESA,DES,WALK_A51_MESA_DES_R02,-51,1,2.97,62,0,0.0000,1562,36.1,1,31,284617,,0,,crc16=C4F0
285117,S,B,F1,A51,MESA,DES,WALK_A51_MESA_DES_R02,-52,1,2.88,63,0,0.0000,1562,36.1,1,31,285117,,0,,crc16=D754
285620,S,B,F1,A51,MESA,DES,WALK_A51_MESA_DES_R02,-53,1,4.72,64,0,0.0000,1562,36.7,1,31,285620,,0,,crc16=1E1F
286117,S,B,F1,A51,MESA,DES,WALK_A51_MESA_DES_R02,-52,1,2.93,65,0,0.0000,1562,36.7,1,31,286117,,0,,crc16=1A71
286617,S,B,F1,A51,MESA,DES,WALK_A51_MESA_DES_R02,-53,1,2.92,66,0,0.0000,1562,36.1,1,31,286617,,0,,crc16=335D
287117,S,B,F1,A51,MESA,DES,WALK_A51_MESA_DES_R02,-51,1,2.93,67,0,0.0000,1562,36.1,1,31,287117,,0,,crc16=9429
287617,S,B,F1,A51,MESA,DES,WALK_A51_MESA_DES_R02,-52,1,2.92,68,0,0.0000,1562,36.1,1,31,287617,,0,,crc16=61B7
288117,S,B,F1,A51,MESA,DES,WALK_A51_MESA_DES_R02,-53,1,2.95,69,0,0.0000,1562,36.1,1,31,288117,,0,,crc16=841E
288623,S,B,F1,A51,MESA,DES,WALK_A51_MESA_DES_R02,-51,1,8.43,70,0,0.0000,1562,36.7,1,31,288623,,0,,crc16=6D93
289119,S,B,F1,A51,MESA,DES,WALK_A51_MESA_DES_R02,-52,1,5.45,71,0,0.0000,1562,36.7,1,31,289119,,0,,crc16=E369
289615,S,B,F1,A51,MESA,DES,WALK_A51_MESA_DES_R02,-51,1,2.91,72,0,0.0000,1562,36.1,1,31,289615,,0,,crc16=7919
290115,S,B,F1,A51,MESA,DES,WALK_A51_MESA_DES_R02,-53,1,2.91,73,0,0.0000,1562,36.1,1,31,290115,,0,,crc16=F377
290615,S,B,F1,A51,MESA,DES,WALK_A51_MESA_DES_R02,-51,1,2.99,74,0,0.0000,1562,35.6,1,31,290615,,0,,crc16=F74C
291120,S,B,F1,A51,MESA,DES,WALK_A51_MESA_DES_R02,-52,1,7.11,75,0,0.0000,1562,35.6,1,31,291120,,0,,crc16=180D
291614,S,B,F1,A51,MESA,DES,WALK_A51_MESA_DES_R02,-51,1,2.90,76,0,0.0000,1562,37.2,1,31,291614,,0,,crc16=9B66
292114,S,B,F1,A51,MESA,DES,WALK_A51_MESA_DES_R02,-52,1,2.95,77,0,0.0000,1562,37.2,1,31,292114,,0,,crc16=A13B
292614,S,B,F1,A51,MESA,DES,WALK_A51_MESA_DES_R02,-52,1,2.84,78,0,0.0000,1562,36.1,1,31,292614,,0,,crc16=BC12
293114,S,B,F1,A51,MESA,DES,WALK_A51_MESA_DES_R02,-53,1,2.95,79,0,0.0000,1562,36.1,1,31,293114,,0,,crc16=1CE8
293616,S,B,F1,A51,MESA,DES,WALK_A51_MESA_DES_R02,-51,1,4.39,80,0,0.0000,1562,36.1,1,31,293616,,0,,crc16=74E1
294113,S,B,F1,A51,MESA,DES,WALK_A51_MESA_DES_R02,-52,1,3.01,81,0,0.0000,1562,36.1,1,31,294113,,0,,crc16=7AD2
294613,S,B,F1,A51,MESA,DES,WALK_A51_MESA_DES_R02,-51,1,3.06,82,0,0.0000,1562,35.6,1,31,294613,,0,,crc16=A733
295113,S,B,F1,A51,MESA,DES,WALK_A51_MESA_DES_R02,-52,1,2.86,83,0,0.0000,1562,35.6,1,31,295113,,0,,crc16=4D00
295613,S,B,F1,A51,MESA,DES,WALK_A51_MESA_DES_R02,-53,1,2.76,84,0,0.0000,1562,36.7,1,31,295613,,0,,crc16=4BD5
296113,S,B,F1,A51,MESA,DES,WALK_A51_MESA_DES_R02,-51,1,3.09,85,0,0.0000,1562,36.7,1,31,296113,,0,,crc16=DEB9
296613,S,B,F1,A51,MESA,DES,WALK_A51_MESA_DES_R02,-58,1,2.97,86,0,0.0000,1562,36.1,1,31,296613,,0,,crc16=196F
297113,S,B,F1,A51,MESA,DES,WALK_A51_MESA_DES_R02,-57,1,2.92,87,0,0.0000,1562,36.1,1,31,297113,,0,,crc16=1881
297613,S,B,F1,A51,MESA,DES,WALK_A51_MESA_DES_R02,-58,1,2.95,88,0,0.0000,1562,36.1,1,31,297613,,0,,crc16=AE28
298113,S,B,F1,A51,MESA,DES,WALK_A51_MESA_DES_R02,-58,1,3.02,89,0,0.0000,1562,36.1,1,31,298113,,0,,crc16=CEC8
298612,S,B,F1,A51,MESA,DES,WALK_A51_MESA_DES_R02,-57,1,2.89,90,0,0.0000,1562,36.7,1,31,298612,,0,,crc16=E075
299112,S,B,F1,A51,MESA,DES,WALK_A51_MESA_DES_R02,-51,1,2.84,91,0,0.0000,1562,36.7,1,31,299112,,0,,crc16=7B7E
299611,S,B,F1,A51,MESA,DES,WALK_A51_MESA_DES_R02,-50,1,2.84,92,0,0.0000,1562,35.6,1,31,299611,,0,,crc16=EB9F
300111,S,B,F1,A51,MESA,DES,WALK_A51_MESA_DES_R02,-51,1,2.93,93,0,0.0000,1562,35.6,1,31,300111,,0,,crc16=9642
300611,S,B,F1,A51,MESA,DES,WALK_A51_MESA_DES_R02,-51,1,2.92,94,0,0.0000,1562,36.1,1,31,300611,,0,,crc16=D071
301111,S,B,F1,A51,MESA,DES,WALK_A51_MESA_DES_R02,-50,1,2.51,95,0,0.0000,1562,36.1,1,31,301111,,0,,crc16=5C4F
301612,S,B,F1,A51,MESA,DES,WALK_A51_MESA_DES_R02,-51,1,4.19,96,0,0.0000,1562,36.7,1,31,301612,,0,,crc16=D52A
302114,S,B,F1,A51,MESA,DES,WALK_A51_MESA_DES_R02,-58,1,7.05,97,0,0.0000,1562,36.7,1,31,302114,,0,,crc16=2051
302610,S,B,F1,A51,MESA,DES,WALK_A51_MESA_DES_R02,-58,1,2.87,98,0,0.0000,1562,36.1,1,31,302610,,0,,crc16=E84E
303110,S,B,F1,A51,MESA,DES,WALK_A51_MESA_DES_R02,-58,1,2.86,99,0,0.0000,1562,36.1,1,31,303110,,0,,crc16=0EE9
303624,S,B,F1,A51,MESA,DES,WALK_A51_MESA_DES_R02,-50,1,4.29,100,0,0.0000,1562,35.6,1,31,303624,,0,,crc16=862E
304123,S,B,F1,A51,MESA,DES,WALK_A51_MESA_DES_R02,-57,1,2.76,101,0,0.0000,1562,35.6,1,31,304123,,0,,crc16=CA97
304623,S,B,F1,A51,MESA,DES,WALK_A51_MESA_DES_R02,-58,1,2.94,102,0,0.0000,1562,36.7,1,31,304623,,0,,crc16=0D2A
305123,S,B,F1,A51,MESA,DES,WALK_A51_MESA_DES_R02,-50,1,2.89,103,0,0.0000,1562,36.7,1,31,305123,,0,,crc16=A066
305623,S,B,F1,A51,MESA,DES,WALK_A51_MESA_DES_R02,-56,1,2.94,104,0,0.0000,1562,36.1,1,31,305623,,0,,crc16=21DA
306123,S,B,F1,A51,MESA,DES,WALK_A51_MESA_DES_R02,-57,1,3.01,105,0,0.0000,1562,36.1,1,31,306123,,0,,crc16=C38E
306623,S,B,F1,A51,MESA,DES,WALK_A51_MESA_DES_R02,-49,1,2.96,106,0,0.0000,1562,36.1,1,31,306623,,0,,crc16=55CC
307123,S,B,F1,A51,MESA,DES,WALK_A51_MESA_DES_R02,-50,1,2.87,107,0,0.0000,1562,36.1,1,31,307123,,0,,crc16=50B7
307623,S,B,F1,A51,MESA,DES,WALK_A51_MESA_DES_R02,-57,1,2.86,108,0,0.0000,1562,36.7,1,31,307623,,0,,crc16=7114
308124,S,B,F1,A51,MESA,DES,WALK_A51_MESA_DES_R02,-58,1,3.77,109,0,0.0000,1562,36.7,1,31,308124,,0,,crc16=44C4
308623,S,B,F1,A51,MESA,DES,WALK_A51_MESA_DES_R02,-50,1,2.88,110,0,0.0000,1562,36.1,1,31,308623,,0,,crc16=DD14
309123,S,B,F1,A51,MESA,DES,WALK_A51_MESA_DES_R02,-50,1,2.97,111,0,0.0000,1562,36.1,1,31,309123,,0,,crc16=B2E7
309623,S,B,F1,A51,MESA,DES,WALK_A51_MESA_DES_R02,-51,1,2.97,112,0,0.0000,1562,36.1,1,31,309623,,0,,crc16=6C8F
310123,S,B,F1,A51,MESA,DES,WALK_A51_MESA_DES_R02,-59,1,2.86,113,0,0.0000,1562,36.1,1,31,310123,,0,,crc16=FCDF
310623,S,B,F1,A51,MESA,DES,WALK_A51_MESA_DES_R02,-60,1,2.23,114,0,0.0000,1562,36.7,1,31,310623,,0,,crc16=5738
311126,S,B,F1,A51,MESA,DES,WALK_A51_MESA_DES_R02,-52,1,6.98,115,0,0.0000,1562,36.7,1,31,311126,,0,,crc16=E71F
311622,S,B,F1,A51,MESA,DES,WALK_A51_MESA_DES_R02,-60,1,2.95,116,0,0.0000,1562,35.6,1,31,311622,,0,,crc16=2258
312122,S,B,F1,A51,MESA,DES,WALK_A51_MESA_DES_R02,-61,1,2.58,117,0,0.0000,1562,35.6,1,31,312122,,0,,crc16=D463
312621,S,B,F1,A51,MESA,DES,WALK_A51_MESA_DES_R02,-57,1,2.89,118,0,0.0000,1562,36.1,1,31,312621,,0,,crc16=0221
313121,S,B,F1,A51,MESA,DES,WALK_A51_MESA_DES_R02,-52,1,2.93,119,0,0.0000,1562,36.1,1,31,313121,,0,,crc16=C38C
313621,S,B,F1,A51,MESA,DES,WALK_A51_MESA_DES_R02,-52,1,2.94,120,0,0.0000,1562,36.7,1,31,313621,,0,,crc16=1F23
314131,S,B,F1,A51,MESA,DES,WALK_A51_MESA_DES_R02,-51,1,4.02,121,0,0.0000,1562,36.7,1,31,314131,,0,,crc16=7911
314629,S,B,F1,A51,MESA,DES,WALK_A51_MESA_DES_R02,-57,1,2.97,122,0,0.0000,1562,36.1,1,31,314629,,0,,crc16=E404
315129,S,B,F1,A51,MESA,DES,WALK_A51_MESA_DES_R02,-60,1,2.93,123,0,0.0000,1562,36.1,1,31,315129,,0,,crc16=7BF3
315632,S,B,F1,A51,MESA,DES,WALK_A51_MESA_DES_R02,-51,1,5.57,124,0,0.0000,1562,36.1,1,31,315632,,0,,crc16=2B28
316128,S,B,F1,A51,MESA,DES,WALK_A51_MESA_DES_R02,-51,1,2.90,125,0,0.0000,1562,36.1,1,31,316128,,0,,crc16=74A2
316627,S,B,F1,A51,MESA,DES,WALK_A51_MESA_DES_R02,-52,1,1.82,126,0,0.0000,1562,36.7,1,31,316627,,0,,crc16=5FC2
317128,S,B,F1,A51,MESA,DES,WALK_A51_MESA_DES_R02,-52,1,2.82,127,0,0.0000,1562,36.7,1,31,317128,,0,,crc16=4D00
317627,S,B,F1,A51,MESA,DES,WALK_A51_MESA_DES_R02,-52,1,2.99,128,0,0.0000,1562,36.1,1,31,317627,,0,,crc16=8BB7
318127,S,B,F1,A51,MESA,DES,WALK_A51_MESA_DES_R02,-53,1,2.87,129,0,0.0000,1562,36.1,1,31,318127,,0,,crc16=9E7F
318627,S,B,F1,A51,MESA,DES,WALK_A51_MESA_DES_R02,-51,1,2.99,130,0,0.0000,1562,36.1,1,31,318627,,0,,crc16=004D
319127,S,B,F1,A51,MESA,DES,WALK_A51_MESA_DES_R02,-52,1,3.04,131,0,0.0000,1562,36.1,1,31,319127,,0,,crc16=19FF
319627,S,B,F1,A51,MESA,DES,WALK_A51_MESA_DES_R02,-52,1,2.88,132,0,0.0000,1562,36.7,1,31,319627,,0,,crc16=1A22
320127,S,B,F1,A51,MESA,DES,WALK_A51_MESA_DES_R02,-51,1,2.87,133,0,0.0000,1562,36.7,1,31,320127,,0,,crc16=D32C
320626,S,B,F1,A51,MESA,DES,WALK_A51_MESA_DES_R02,-53,1,3.07,134,0,0.0000,1562,36.1,1,31,320626,,0,,crc16=07F8
321126,S,B,F1,A51,MESA,DES,WALK_A51_MESA_DES_R02,-51,1,2.90,135,0,0.0000,1562,36.1,1,31,321126,,0,,crc16=1B06
321626,S,B,F1,A51,MESA,DES,WALK_A51_MESA_DES_R02,-52,1,3.00,136,0,0.0000,1562,36.1,1,31,321626,,0,,crc16=0B44
322126,S,B,F1,A51,MESA,DES,WALK_A51_MESA_DES_R02,-53,1,2.92,137,0,0.0000,1562,36.1,1,31,322126,,0,,crc16=402E
322641,S,B,F1,A51,MESA,DES,WALK_A51_MESA_DES_R02,-52,1,3.17,138,0,0.0000,1562,36.7,1,31,322641,,0,,crc16=67CE
323141,S,B,F1,A51,MESA,DES,WALK_A51_MESA_DES_R02,-53,1,2.87,139,0,0.0000,1562,36.7,1,31,323141,,0,,crc16=9409
323641,S,B,F1,A51,MESA,DES,WALK_A51_MESA_DES_R02,-52,1,2.92,140,0,0.0000,1562,36.1,1,31,323641,,0,,crc16=1182
324141,S,B,F1,A51,MESA,DES,WALK_A51_MESA_DES_R02,-50,1,2.96,141,0,0.0000,1562,36.1,1,31,324141,,0,,crc16=F532
324643,S,B,F1,A51,MESA,DES,WALK_A51_MESA_DES_R02,-54,1,4.96,142,0,0.0000,1562,36.1,1,31,324643,,0,,crc16=63F6
325141,S,B,F1,A51,MESA,DES,WALK_A51_MESA_DES_R02,-52,1,2.96,143,0,0.0000,1562,36.1,1,31,325141,,0,,crc16=16B7
325641,S,B,F1,A51,MESA,DES,WALK_A51_MESA_DES_R02,-53,1,2.22,144,0,0.0000,1562,37.2,1,31,325641,,0,,crc16=46B5
326140,S,B,F1,A51,MESA,DES,WALK_A51_MESA_DES_R02,-54,1,2.88,145,0,0.0000,1562,37.2,1,31,326140,,0,,crc16=4141
326640,S,B,F1,A51,MESA,DES,WALK_A51_MESA_DES_R02,-52,1,2.98,146,0,0.0000,1562,36.1,1,31,326640,,0,,crc16=891C
327140,S,B,F1,A51,MESA,DES,WALK_A51_MESA_DES_R02,-58,1,2.95,147,0,0.0000,1562,36.1,1,31,327140,,0,,crc16=1755
327640,S,B,F1,A51,MESA,DES,WALK_A51_MESA_DES_R02,-51,1,2.97,148,0,0.0000,1562,36.1,1,31,327640,,0,,crc16=F4AF
328140,S,B,F1,A51,MESA,DES,WALK_A51_MESA_DES_R02,-51,1,2.95,149,0,0.0000,1562,36.1,1,31,328140,,0,,crc16=1B51
328643,S,B,F1,A51,MESA,DES,WALK_A51_MESA_DES_R02,-51,1,5.47,150,0,0.0000,1562,36.1,1,31,328643,,0,,crc16=4B26
329139,S,B,F1,A51,MESA,DES,WALK_A51_MESA_DES_R02,-60,1,2.62,151,0,0.0000,1562,36.1,1,31,329139,,0,,crc16=D6C3
329639,S,B,F1,A51,MESA,DES,WALK_A51_MESA_DES_R02,-51,1,2.79,152,0,0.0000,1562,36.1,1,31,329639,,0,,crc16=B943
330138,S,B,F1,A51,MESA,DES,WALK_A51_MESA_DES_R02,-51,1,2.90,153,0,0.0000,1562,36.1,1,31,330138,,0,,crc16=D8B8
330638,S,B,F1,A51,MESA,DES,WALK_A51_MESA_DES_R02,-59,1,2.97,154,0,0.0000,1562,36.1,1,31,330638,,0,,crc16=C8DE
331138,S,B,F1,A51,MESA,DES,WALK_A51_MESA_DES_R02,-52,1,2.53,155,0,0.0000,1562,36.1,1,31,331138,,0,,crc16=2471
331642,S,B,F1,A51,MESA,DES,WALK_A51_MESA_DES_R02,-51,1,7.06,156,0,0.0000,1562,36.7,1,31,331642,,0,,crc16=D888
332136,S,B,F1,A51,MESA,DES,WALK_A51_MESA_DES_R02,-59,1,2.92,157,0,0.0000,1562,36.7,1,31,332136,,0,,crc16=08E1
332636,S,B,F1,A51,MESA,DES,WALK_A51_MESA_DES_R02,-51,1,3.12,158,0,0.0000,1562,36.7,1,31,332636,,0,,crc16=16BF
333185,S,B,F1,A51,MESA,DES,WALK_A51_MESA_DES_R02,-52,1,2.51,159,0,0.0000,1562,36.7,1,31,333185,,0,,crc16=1E2F
333688,S,B,F1,A51,MESA,DES,WALK_A51_MESA_DES_R02,-51,1,7.85,160,0,0.0000,1562,36.1,1,31,333688,,0,,crc16=A040
334183,S,B,F1,A51,MESA,DES,WALK_A51_MESA_DES_R02,-51,1,3.12,161,0,0.0000,1562,36.1,1,31,334183,,0,,crc16=6473
334682,S,B,F1,A51,MESA,DES,WALK_A51_MESA_DES_R02,-50,1,2.89,162,0,0.0000,1562,36.1,1,31,334682,,0,,crc16=AF02
335182,S,B,F1,A51,MESA,DES,WALK_A51_MESA_DES_R02,-57,1,2.85,163,0,0.0000,1562,36.1,1,31,335182,,0,,crc16=1A30
335682,S,B,F1,A51,MESA,DES,WALK_A51_MESA_DES_R02,-50,1,2.98,164,0,0.0000,1562,36.1,1,31,335682,,0,,crc16=3422
336182,S,B,F1,A51,MESA,DES,WALK_A51_MESA_DES_R02,-51,1,3.00,165,0,0.0000,1562,36.1,1,31,336182,,0,,crc16=B7E6
336686,S,B,F1,A51,MESA,DES,WALK_A51_MESA_DES_R02,-52,1,7.17,166,0,0.0000,1562,36.7,1,31,336686,,0,,crc16=E0A1
337181,S,B,F1,A51,MESA,DES,WALK_A51_MESA_DES_R02,-52,1,2.89,167,0,0.0000,1562,36.7,1,31,337181,,0,,crc16=76E5
337681,S,B,F1,A51,MESA,DES,WALK_A51_MESA_DES_R02,-50,1,3.01,168,0,0.0000,1562,36.1,1,31,337681,,0,,crc16=8B03
338181,S,B,F1,A51,MESA,DES,WALK_A51_MESA_DES_R02,-50,1,2.90,169,0,0.0000,1562,36.1,1,31,338181,,0,,crc16=02FF
338682,S,B,F1,A51,MESA,DES,WALK_A51_MESA_DES_R02,-54,1,4.01,170,0,0.0000,1562,36.1,1,31,338682,,0,,crc16=DFE6
339184,S,B,F1,A51,MESA,DES,WALK_A51_MESA_DES_R02,-52,1,5.74,171,0,0.0000,1562,36.1,1,31,339184,,0,,crc16=1AF5
339684,S,B,F1,A51,MESA,DES,WALK_A51_MESA_DES_R02,-51,1,6.90,172,0,0.0000,1562,36.7,1,31,339684,,0,,crc16=2DDF
340180,S,B,F1,A51,MESA,DES,WALK_A51_MESA_DES_R02,-53,1,2.93,173,0,0.0000,1562,36.7,1,31,340180,,0,,crc16=131A
340680,S,B,F1,A51,MESA,DES,WALK_A51_MESA_DES_R02,-50,1,2.83,174,0,0.0000,1562,37.2,1,31,340680,,0,,crc16=D606
341180,S,B,F1,A51,MESA,DES,WALK_A51_MESA_DES_R02,-53,1,2.86,175,0,0.0000,1562,37.2,1,31,341180,,0,,crc16=8FBC
341679,S,B,F1,A51,MESA,DES,WALK_A51_MESA_DES_R02,-52,1,2.90,176,0,0.0000,1562,36.1,1,31,341679,,0,,crc16=AC73
342179,S,B,F1,A51,MESA,DES,WALK_A51_MESA_DES_R02,-52,1,2.92,177,0,0.0000,1562,36.1,1,31,342179,,0,,crc16=6F34
342679,S,B,F1,A51,MESA,DES,WALK_A51_MESA_DES_R02,-51,1,2.86,178,0,0.0000,1562,36.1,1,31,342679,,0,,crc16=F787
343179,S,B,F1,A51,MESA,DES,WALK_A51_MESA_DES_R02,-52,1,2.92,179,0,0.0000,1562,36.1,1,31,343179,,0,,crc16=F879
343679,S,B,F1,A51,MESA,DES,WALK_A51_MESA_DES_R02,-53,1,2.98,180,0,0.0000,1562,36.7,1,31,343679,,0,,crc16=BB54
344179,S,B,F1,A51,MESA,DES,WALK_A51_MESA_DES_R02,-49,1,2.88,181,0,0.0000,1562,36.7,1,31,344179,,0,,crc16=88C0
344679,S,B,F1,A51,MESA,DES,WALK_A51_MESA_DES_R02,-51,1,2.90,182,0,0.0000,1562,36.1,1,31,344679,,0,,crc16=A116
345179,S,B,F1,A51,MESA,DES,WALK_A51_MESA_DES_R02,-51,1,2.98,183,0,0.0000,1562,36.1,1,31,345179,,0,,crc16=DF3B
345679,S,B,F1,A51,MESA,DES,WALK_A51_MESA_DES_R02,-49,1,2.90,184,0,0.0000,1562,35.6,1,31,345679,,0,,crc16=89EB
346178,S,B,F1,A51,MESA,DES,WALK_A51_MESA_DES_R02,-52,1,2.10,185,0,0.0000,1562,35.6,1,31,346178,,0,,crc16=C58C
346678,S,B,F1,A51,MESA,DES,WALK_A51_MESA_DES_R02,-51,1,2.84,186,0,0.0000,1562,36.1,1,31,346678,,0,,crc16=3519
347187,S,B,F1,A51,MESA,DES,WALK_A51_MESA_DES_R02,-52,1,11.93,187,0,0.0000,1562,36.1,1,31,347187,,0,,crc16=FF19
347683,S,B,F1,A51,MESA,DES,WALK_A51_MESA_DES_R02,-57,1,8.29,188,0,0.0000,1562,36.1,1,31,347683,,0,,crc16=08F5
348177,S,B,F1,A51,MESA,DES,WALK_A51_MESA_DES_R02,-51,1,2.95,189,0,0.0000,1562,36.1,1,31,348177,,0,,crc16=0031
348676,S,B,F1,A51,MESA,DES,WALK_A51_MESA_DES_R02,-56,1,2.93,190,0,0.0000,1562,36.1,1,31,348676,,0,,crc16=9FF1
349185,S,B,F1,A51,MESA,DES,WALK_A51_MESA_DES_R02,-56,1,12.01,191,0,0.0000,1562,36.1,1,31,349185,,0,,crc16=3A7B
349697,S,B,F1,A51,MESA,DES,WALK_A51_MESA_DES_R02,-48,1,23.71,192,0,0.0000,1562,36.1,1,31,349697,,0,,crc16=4937
350192,S,B,F1,A51,MESA,DES,WALK_A51_MESA_DES_R02,-49,1,19.45,193,0,0.0000,1562,36.1,1,31,350192,,0,,crc16=8497
350674,S,B,F1,A51,MESA,DES,WALK_A51_MESA_DES_R02,-50,1,2.47,194,0,0.0000,1562,36.7,1,31,350674,,0,,crc16=ED53
351178,S,B,F1,A51,MESA,DES,WALK_A51_MESA_DES_R02,-57,1,8.27,195,0,0.0000,1562,36.7,1,31,351178,,0,,crc16=8983
351677,S,B,F1,A51,MESA,DES,WALK_A51_MESA_DES_R02,-51,1,8.26,196,0,0.0000,1562,36.7,1,31,351677,,0,,crc16=2E15
352222,S,B,F1,A51,MESA,DES,WALK_A51_MESA_DES_R02,-51,1,53.37,197,0,0.0000,1562,36.7,1,31,352222,,0,,crc16=3C01
352670,S,B,F1,A51,MESA,DES,WALK_A51_MESA_DES_R02,-50,1,3.05,198,0,0.0000,1562,37.2,1,31,352670,,0,,crc16=45BF
353170,S,B,F1,A51,MESA,DES,WALK_A51_MESA_DES_R02,-50,1,2.91,199,0,0.0000,1562,37.2,1,31,353170,,0,,crc16=F169
353670,S,B,F1,A51,MESA,DES,WALK_A51_MESA_DES_R02,-49,1,2.84,200,0,0.0000,1562,36.1,1,31,353670,,0,,crc16=EA6B
354176,S,B,F1,A51,MESA,DES,WALK_A51_MESA_DES_R02,-49,1,9.12,201,0,0.0000,1562,36.1,1,31,354176,,0,,crc16=9A56
354679,S,B,F1,A51,MESA,DES,WALK_A51_MESA_DES_R02,-56,1,11.80,202,0,0.0000,1562,36.1,1,31,354679,,0,,crc16=888E
355170,S,B,F1,A51,MESA,DES,WALK_A51_MESA_DES_R02,-56,1,2.97,203,0,0.0000,1562,36.1,1,31,355170,,0,,crc16=585B
355670,S,B,F1,A51,MESA,DES,WALK_A51_MESA_DES_R02,-59,1,2.98,204,0,0.0000,1562,37.2,1,31,355670,,0,,crc16=E32F
356169,S,B,F1,A51,MESA,DES,WALK_A51_MESA_DES_R02,-59,1,3.15,205,0,0.0000,1562,37.2,1,31,356169,,0,,crc16=43B0
356669,S,B,F1,A51,MESA,DES,WALK_A51_MESA_DES_R02,-53,1,2.95,206,0,0.0000,1562,36.7,1,31,356669,,0,,crc16=A453
357172,S,B,F1,A51,MESA,DES,WALK_A51_MESA_DES_R02,-58,1,5.97,207,0,0.0000,1562,36.7,1,31,357172,,0,,crc16=8120
357690,S,B,F1,A51,MESA,DES,WALK_A51_MESA_DES_R02,-58,1,24.25,208,0,0.0000,1562,36.1,1,31,357690,,0,,crc16=3B48
358171,S,B,F1,A51,MESA,DES,WALK_A51_MESA_DES_R02,-57,1,5.56,209,0,0.0000,1562,36.1,1,31,358171,,0,,crc16=42C1
358668,S,B,F1,A51,MESA,DES,WALK_A51_MESA_DES_R02,-59,1,3.40,210,0,0.0000,1562,37.2,1,31,358668,,0,,crc16=6323
359170,S,B,F1,A51,MESA,DES,WALK_A51_MESA_DES_R02,-52,1,6.95,211,0,0.0000,1562,37.2,1,31,359170,,0,,crc16=4D99
359666,S,B,F1,A51,MESA,DES,WALK_A51_MESA_DES_R02,-60,1,2.92,212,0,0.0000,1562,37.2,1,31,359666,,0,,crc16=0D7B
360170,S,B,F1,A51,MESA,DES,WALK_A51_MESA_DES_R02,-59,1,6.95,213,0,0.0000,1562,37.2,1,31,360170,,0,,crc16=3432
360667,S,B,F1,A51,MESA,DES,WALK_A51_MESA_DES_R02,-52,1,3.38,214,0,0.0000,1562,36.1,1,31,360667,,0,,crc16=F167
361165,S,B,F1,A51,MESA,DES,WALK_A51_MESA_DES_R02,-58,1,3.24,215,0,0.0000,1562,36.1,1,31,361165,,0,,crc16=D4D2
361666,S,B,F1,A51,MESA,DES,WALK_A51_MESA_DES_R02,-51,1,3.26,216,0,0.0000,1562,36.7,1,31,361666,,0,,crc16=312D
362168,S,B,F1,A51,MESA,DES,WALK_A51_MESA_DES_R02,-52,1,6.53,217,0,0.0000,1562,36.7,1,31,362168,,0,,crc16=7779
362671,S,B,F1,A51,MESA,DES,WALK_A51_MESA_DES_R02,-60,1,11.02,218,0,0.0000,1562,36.7,1,31,362671,,0,,crc16=89AF
363169,S,B,F1,A51,MESA,DES,WALK_A51_MESA_DES_R02,-56,1,8.19,219,0,0.0000,1562,36.7,1,31,363169,,0,,crc16=9141
363666,S,B,F1,A51,MESA,DES,WALK_A51_MESA_DES_R02,-55,1,6.68,220,0,0.0000,1562,36.7,1,31,363666,,0,,crc16=E964
364178,S,B,F1,A51,MESA,DES,WALK_A51_MESA_DES_R02,-50,1,19.79,221,0,0.0000,1562,36.7,1,31,364178,,0,,crc16=A70B
364685,S,B,F1,A51,MESA,DES,WALK_A51_MESA_DES_R02,-56,1,8.33,222,0,0.0000,1562,36.1,1,31,364685,,0,,crc16=298B
365187,S,B,F1,A51,MESA,DES,WALK_A51_MESA_DES_R02,-57,1,11.48,223,0,0.0000,1562,36.1,1,31,365187,,0,,crc16=2368
365677,S,B,F1,A51,MESA,DES,WALK_A51_MESA_DES_R02,-52,1,2.94,224,0,0.0000,1562,36.1,1,31,365677,,0,,crc16=FD5A
366182,S,B,F1,A51,MESA,DES,WALK_A51_MESA_DES_R02,-57,1,8.27,225,0,0.0000,1562,36.1,1,31,366182,,0,,crc16=4505
366676,S,B,F1,A51,MESA,DES,WALK_A51_MESA_DES_R02,-50,1,3.17,226,0,0.0000,1562,36.7,1,31,366676,,0,,crc16=A169
367176,S,B,F1,A51,MESA,DES,WALK_A51_MESA_DES_R02,-52,1,3.83,227,0,0.0000,1562,36.7,1,31,367176,,0,,crc16=F4D0
367692,S,B,F1,A51,MESA,DES,WALK_A51_MESA_DES_R02,-59,1,19.52,228,0,0.0000,1562,36.7,1,31,367692,,0,,crc16=1AB6
368206,S,B,F1,A51,MESA,DES,WALK_A51_MESA_DES_R02,-52,1,34.53,229,0,0.0000,1562,36.7,1,31,368206,,0,,crc16=24D3
368690,S,B,F1,A51,MESA,DES,WALK_A51_MESA_DES_R02,-58,1,18.76,230,0,0.0000,1562,36.7,1,31,368690,,0,,crc16=06BE
369204,S,B,F1,A51,MESA,DES,WALK_A51_MESA_DES_R02,-57,1,33.79,231,0,0.0000,1562,36.7,1,31,369204,,0,,crc16=D5C6
369673,S,B,F1,A51,MESA,DES,WALK_A51_MESA_DES_R02,-58,1,2.85,232,0,0.0000,1562,36.7,1,31,369673,,0,,crc16=A944
370174,S,B,F1,A51,MESA,DES,WALK_A51_MESA_DES_R02,-52,1,3.94,233,0,0.0000,1562,36.7,1,31,370174,,0,,crc16=884E
370672,S,B,F1,A51,MESA,DES,WALK_A51_MESA_DES_R02,-59,1,1.67,234,0,0.0000,1562,36.7,1,31,370672,,0,,crc16=2A47
371172,S,B,F1,A51,MESA,DES,WALK_A51_MESA_DES_R02,-52,1,3.06,235,0,0.0000,1562,36.7,1,31,371172,,0,,crc16=81EF
371670,S,B,F1,A51,MESA,DES,WALK_A51_MESA_DES_R02,-51,1,1.70,236,0,0.0000,1562,36.7,1,31,371670,,0,,crc16=B197
372170,S,B,F1,A51,MESA,DES,WALK_A51_MESA_DES_R02,-58,1,2.96,237,0,0.0000,1562,36.7,1,31,372170,,0,,crc16=B00F
372671,S,B,F1,A51,MESA,DES,WALK_A51_MESA_DES_R02,-58,1,3.55,238,0,0.0000,1562,36.7,1,31,372671,,0,,crc16=3754
